a,c,filter,trades,net,pf,win_pct,maxdd,is_trades,is_net,is_pf,oos_trades,oos_net,oos_pf
1.0,1,True,203,-43858.22265625,0.7326769047181695,29.064039408866993,82841.396484375,138,-44517.744140625,0.62875967380552,65,659.521484375,1.0149387970524548
1.0,1,False,509,-155805.185546875,0.6354671648459352,30.05893909626719,174841.85546875,357,-128612.197265625,0.5824159618515852,152,-27192.98828125,0.7722900171451291
1.5,1,True,201,-56890.029296875,0.703177485275144,30.34825870646766,92251.25,137,-64049.19921875,0.553951032695378,64,7159.169921875,1.1489286104622745
1.5,1,False,332,-122088.10546875,0.6289434850799589,31.024096385542173,136544.00390625,231,-101739.384765625,0.5750984190349602,101,-20348.720703125,0.772858488953538
2.0,1,True,195,-100393.388671875,0.5801831396552581,28.717948717948715,114933.90625,135,-96433.232421875,0.4654446754440502,60,-3960.15625,0.9325783702460327
2.0,1,False,254,-135721.982421875,0.5720597343283882,29.133858267716533,147804.35546875,172,-109541.083984375,0.5040881204398859,82,-26180.8984375,0.7280288011563314
2.5,1,True,159,-70442.568359375,0.663725392388493,28.30188679245283,93642.822265625,109,-57757.8515625,0.6236329627149724,50,-12684.716796875,0.7735591474667473
2.5,1,False,183,-68996.640625,0.709081883338527,29.508196721311474,95499.970703125,125,-64124.00390625,0.6312839826216069,58,-4872.63671875,0.9229707450992379
3.0,1,True,119,-69938.28125,0.6115211843784831,29.411764705882355,90804.8828125,84,-47645.9375,0.6415161798632206,35,-22292.34375,0.5269182130817787
3.0,1,False,129,-75167.900390625,0.6097083488577322,31.007751937984494,99242.900390625,91,-44722.28515625,0.674319167730505,38,-30445.615234375,0.4491955235744127
3.5,1,True,102,-55886.865234375,0.6648531569563373,34.31372549019608,73417.216796875,72,-26894.58984375,0.765096323944599,30,-28992.275390625,0.445244708790793
3.5,1,False,106,-56756.73828125,0.6693598345038417,34.90566037735849,78193.916015625,76,-27764.462890625,0.7674585175154448,30,-28992.275390625,0.445244708790793
4.0,1,True,79,-27940.380859375,0.775365644851137,37.9746835443038,41929.70703125,54,-8098.525390625,0.9040359588153393,25,-19841.85546875,0.5038339325989765
4.0,1,False,83,-19430.703125,0.8454130451486699,39.75903614457831,36789.2578125,58,411.15234375,1.004797354447375,25,-19841.85546875,0.5038339325989765
5.0,1,True,57,-2715.80078125,0.9637117852077159,47.368421052631575,20267.275390625,37,6879.6484375,1.1489086914485662,20,-9595.44921875,0.6649551397637097
5.0,1,False,59,-7626.025390625,0.9043758220424503,45.76271186440678,24638.30078125,39,1969.423828125,1.0385325349993972,20,-9595.44921875,0.6649551397637097
1.0,5,True,199,-50176.0546875,0.7133495585451046,29.145728643216078,84092.94921875,124,-43399.130859375,0.6223764868369633,75,-6776.923828125,0.8872686040665416
1.0,5,False,442,-112345.263671875,0.7035354213188352,30.09049773755656,146461.611328125,300,-66222.20703125,0.7291204592056927,142,-46123.056640625,0.6570240558033289
1.5,5,True,175,-42454.0625,0.7703232758472669,29.142857142857142,91420.634765625,124,-66122.978515625,0.5399844052446044,51,23668.916015625,1.5758586688968932
1.5,5,False,246,-72859.765625,0.7206236132218525,32.113821138211385,98790.439453125,174,-75123.26171875,0.606888180790651,72,2263.49609375,1.032477015962754
2.0,5,True,145,-58011.669921875,0.6981025840192234,31.03448275862069,81140.673828125,100,-57555.224609375,0.582648949193139,45,-456.4453125,0.9915863963152952
2.0,5,False,165,-66063.115234375,0.6941788880426587,32.72727272727273,89035.869140625,116,-58005.869140625,0.6231188065130552,49,-8057.24609375,0.870271638636964
2.5,5,True,102,-26066.337890625,0.8209816951760704,36.27450980392157,54631.9140625,69,-18017.685546875,0.8101579209154511,33,-8048.65234375,0.8412441399470597
2.5,5,False,111,-28387.685546875,0.8192205516869012,36.03603603603604,60836.982421875,76,-16153.583984375,0.8418573243835658,35,-12234.1015625,0.777090640444576
3.0,5,True,75,-37287.822265625,0.6855329300404446,40.0,42350.09765625,49,-31398.59375,0.5759654084873493,26,-5889.228515625,0.8677392301001446
3.0,5,False,80,-45083.14453125,0.6437128886404143,38.75,50311.4453125,53,-34540.166015625,0.5534841214694458,27,-10542.978515625,0.7856296972886034
3.5,5,True,53,-7556.533203125,0.9033864419959561,45.28301886792453,22459.326171875,38,-16296.30859375,0.706913073381766,15,8739.775390625,1.386515639805514
3.5,5,False,55,-12333.583984375,0.8513865858095587,43.63636363636363,27233.681640625,40,-21073.359375,0.6509840290377603,15,8739.775390625,1.386515639805514
4.0,5,True,45,9520.927734375,1.1605464166826536,48.888888888888886,30239.19921875,29,-1406.474609375,0.9650740808371958,16,10927.40234375,1.5741278532815046
4.0,5,False,45,9520.927734375,1.1605464166826536,48.888888888888886,30239.19921875,29,-1406.474609375,0.9650740808371958,16,10927.40234375,1.5741278532815046
5.0,5,True,32,6914.19921875,1.1797184162551586,43.75,9183.427734375,20,-219.326171875,0.9911600979123756,12,7133.525390625,1.5221636459163579
5.0,5,False,32,6914.19921875,1.1797184162551586,43.75,9183.427734375,20,-219.326171875,0.9911600979123756,12,7133.525390625,1.5221636459163579
1.0,10,True,202,-31107.65625,0.8113673554878398,34.15841584158416,65740.64453125,123,-26856.85546875,0.7421704489715101,79,-4250.80078125,0.93002353865648
1.0,10,False,448,-120699.462890625,0.688523394555884,31.026785714285715,150584.84375,299,-65773.65234375,0.7342947325814931,149,-54925.810546875,0.6075709243449698
1.5,10,True,169,-52107.91015625,0.7184135683724374,27.810650887573964,79854.453125,117,-61779.19921875,0.5562311109265442,52,9671.2890625,1.2109957968727096
1.5,10,False,240,-93394.2578125,0.6548896145849512,29.583333333333332,99292.880859375,165,-76347.080078125,0.6002545852443845,75,-17047.177734375,0.7859259348282606
2.0,10,True,148,-51441.93359375,0.7332477928197824,31.756756756756754,82976.064453125,102,-53264.140625,0.6183149279313519,46,1822.20703125,1.0341906871907782
2.0,10,False,168,-69994.1796875,0.6874754620803133,31.547619047619047,96662.3828125,116,-56468.212890625,0.6364399827272139,52,-13525.966796875,0.8029536908260285
2.5,10,True,95,-6223.10546875,0.9512553779099231,34.73684210526316,34080.15625,65,-2132.55859375,0.974375194863821,30,-4090.546875,0.9079640479893337
2.5,10,False,107,-19678.076171875,0.8680231900513613,34.57943925233645,52003.974609375,74,-5581.630859375,0.9410296836143515,33,-14096.4453125,0.7411168514120531
3.0,10,True,78,-70570.830078125,0.5018352559545258,34.61538461538461,75121.630859375,51,-56010.80078125,0.3888726456890713,27,-14560.029296875,0.7088578130910069
3.0,10,False,81,-71207.080078125,0.509055693013643,34.5679012345679,75757.880859375,54,-56647.05078125,0.40390992785353713,27,-14560.029296875,0.7088578130910069
3.5,10,True,52,-24004.423828125,0.7241932714932178,40.38461538461539,33114.970703125,33,-12640.546875,0.7246904662850084,19,-11363.876953125,0.7236381055430502
3.5,10,False,54,-28781.474609375,0.6865123279511562,38.88888888888889,37892.021484375,35,-17417.59765625,0.6563966187597264,19,-11363.876953125,0.7236381055430502
4.0,10,True,38,14524.228515625,1.3640595916840708,50.0,16472.05078125,24,1146.826171875,1.0392952256476509,14,13377.40234375,2.249019591752626
4.0,10,False,39,11667.75390625,1.272919255027273,48.717948717948715,16472.05078125,25,-1709.6484375,0.9466424304045615,14,13377.40234375,2.249019591752626
5.0,10,True,34,-33063.271484375,0.5059608425902714,32.35294117647059,39542.373046875,22,-35572.1484375,0.2976946818503626,12,2508.876953125,1.1541661816012798
5.0,10,False,35,-35185.322265625,0.490410808168641,31.428571428571427,41664.423828125,23,-37694.19921875,0.28572401411273385,12,2508.876953125,1.1541661816012798
1.0,14,True,205,-33778.583984375,0.8064993425929557,32.6829268292683,60984.90234375,123,-19180.5078125,0.8191199530616092,82,-14598.076171875,0.7869696376336354
1.0,14,False,437,-116542.568359375,0.6983975565013076,31.12128146453089,136180.48828125,292,-65135.126953125,0.7394647334243081,145,-51407.44140625,0.6231297063844672
1.5,14,True,165,-60906.9140625,0.6582434150737186,27.878787878787882,76062.36328125,112,-51429.453125,0.6022482471963184,53,-9477.4609375,0.8062536758202994
1.5,14,False,239,-87047.587890625,0.6779671328727668,29.707112970711297,97099.287109375,164,-67839.033203125,0.6395400557518872,75,-19208.5546875,0.7660495446070954
2.0,14,True,141,-60150.712890625,0.687690590924528,31.20567375886525,88213.818359375,96,-61114.619140625,0.5552360182427417,45,963.90625,1.0174650297742802
2.0,14,False,165,-80213.18359375,0.6530750126139874,30.909090909090907,103894.78515625,113,-64288.69140625,0.5960061623039515,52,-15924.4921875,0.7790690396041455
2.5,14,True,90,-11196.728515625,0.9118318409673402,36.666666666666664,42761.630859375,62,-16706.181640625,0.8157184196264478,28,5509.453125,1.1516204039641766
2.5,14,False,101,-26608.525390625,0.8224107596653593,35.64356435643564,55215.80078125,70,-21442.529296875,0.7908519972464321,31,-5165.99609375,0.8908022309456913
3.0,14,True,74,-54844.775390625,0.5840885596351126,35.13513513513514,69954.453125,51,-55978.30078125,0.4104452244820549,23,1133.525390625,1.0307052420564442
3.0,14,False,78,-64323.974609375,0.5449172736083006,33.33333333333333,73333.876953125,53,-59357.724609375,0.39633890180759734,25,-4966.25,0.8845491027959856
3.5,14,True,52,-22467.275390625,0.7406065163811513,42.30769230769231,31995.576171875,32,-12491.474609375,0.72716759183717,20,-9975.80078125,0.7556760738720143
3.5,14,False,54,-29181.376953125,0.6873270353120019,40.74074074074074,38709.677734375,34,-19205.576171875,0.6341692261073554,20,-9975.80078125,0.7556760738720143
4.0,14,True,42,-23555.224609375,0.6925411051187169,42.857142857142854,39342.275390625,22,-7209.423828125,0.7880897753377598,20,-16345.80078125,0.6162189515351494
4.0,14,False,43,-26411.69921875,0.6676480740775604,41.86046511627907,39342.275390625,23,-10065.8984375,0.7270457112925838,20,-16345.80078125,0.6162189515351494
5.0,14,True,33,-31162.119140625,0.5183713137154102,33.33333333333333,41433.49609375,23,-37352.822265625,0.28318623542100235,10,6190.703125,1.4916369569954933
5.0,14,False,33,-31162.119140625,0.5183713137154102,33.33333333333333,41433.49609375,23,-37352.822265625,0.28318623542100235,10,6190.703125,1.4916369569954933
1.0,20,True,199,-18573.359375,0.8864315216670856,33.165829145728644,52314.90234375,121,-13626.630859375,0.8700656922201181,78,-4946.728515625,0.9156855966341152
1.0,20,False,431,-97037.060546875,0.7404867556403926,31.554524361948953,123254.82421875,287,-60462.470703125,0.7560334885116762,144,-36574.58984375,0.7099291412380274
1.5,20,True,166,-49703.837890625,0.7245873279304249,30.72289156626506,74667.91015625,114,-52664.2578125,0.6044703021946287,52,2960.419921875,1.062559420687634
1.5,20,False,248,-87399.384765625,0.6900611576791229,30.64516129032258,99462.783203125,171,-76277.685546875,0.6175580080692019,77,-11121.69921875,0.8652570140506993
2.0,20,True,133,-40598.173828125,0.7668152986105404,33.08270676691729,75914.580078125,92,-47310.126953125,0.6250062214408771,41,6711.953125,1.1400054836689737
2.0,20,False,159,-60972.24609375,0.7169681021685115,32.075471698113205,86996.220703125,109,-49148.525390625,0.6683008178247261,50,-11823.720703125,0.824191399565397
2.5,20,True,93,-18430.3515625,0.865473928921443,35.483870967741936,45362.431640625,61,-12373.876953125,0.8592740248494072,32,-6056.474609375,0.876582855332515
2.5,20,False,103,-37625.576171875,0.7649930956189829,33.00970873786408,64394.00390625,68,-20334.55078125,0.7962395890303586,35,-17291.025390625,0.7132868616280361
3.0,20,True,70,-20766.123046875,0.8222873437091278,37.142857142857146,55785.126953125,50,-28220.09765625,0.6762382963257334,20,7453.974609375,1.2510679533090516
3.0,20,False,75,-25561.669921875,0.7964099600888028,36.0,59164.55078125,53,-27692.6953125,0.6941473292202543,22,2131.025390625,1.060865534187337
3.5,20,True,54,-26486.669921875,0.7149894569947738,42.592592592592595,33260.29296875,33,-11064.04296875,0.7691595506900002,21,-15422.626953125,0.6572966730406841
3.5,20,False,55,-29330.1953125,0.6937618475118734,41.81818181818181,36103.818359375,34,-13907.568359375,0.7260829516841897,21,-15422.626953125,0.6572966730406841
4.0,20,True,42,-25160.927734375,0.6786696653585117,40.476190476190474,39313.076171875,22,-10807.275390625,0.7052033114597412,20,-14353.65234375,0.655310565786675
4.0,20,False,43,-28017.40234375,0.6547831425303339,39.53488372093023,39313.076171875,23,-13663.75,0.6542273477528835,20,-14353.65234375,0.655310565786675
5.0,20,True,31,-16840.09765625,0.6843674943688891,38.70967741935484,30059.423828125,21,-21727.5,0.45048516401129507,10,4887.40234375,1.353798811079904
5.0,20,False,31,-16840.09765625,0.6843674943688891,38.70967741935484,30059.423828125,21,-21727.5,0.45048516401129507,10,4887.40234375,1.353798811079904
