signal_time,entry_time,exit_time,side,entry,exit,points,gross_pnl,commission,slippage_cost,pnl,reason
2026-07-06 13:50:00+05:30,2026-07-06 13:55:00+05:30,2026-07-06 15:05:00+05:30,Short,24415.5,24429.349609375,-13.849609375,-770.224609375,120.0,130.0,-1020.224609375,Signal
2026-07-07 12:10:00+05:30,2026-07-07 12:15:00+05:30,2026-07-07 14:00:00+05:30,Short,24503.69921875,24452.849609375,50.849609375,3435.224609375,120.0,130.0,3185.224609375,Reverse
2026-07-07 13:55:00+05:30,2026-07-07 14:00:00+05:30,2026-07-07 15:05:00+05:30,Long,24452.849609375,24425.5,-27.349609375,-1647.724609375,120.0,130.0,-1897.724609375,Signal
2026-07-08 10:30:00+05:30,2026-07-08 10:35:00+05:30,2026-07-08 11:45:00+05:30,Long,24255.900390625,24258.599609375,2.69921875,305.44921875,120.0,130.0,55.44921875,Reverse
2026-07-08 11:40:00+05:30,2026-07-08 11:45:00+05:30,2026-07-08 13:05:00+05:30,Short,24258.599609375,24227.55078125,31.048828125,2148.173828125,120.0,130.0,1898.173828125,Reverse
2026-07-08 13:00:00+05:30,2026-07-08 13:05:00+05:30,2026-07-08 13:50:00+05:30,Long,24227.55078125,24119.75,-107.80078125,-6877.05078125,120.0,130.0,-7127.05078125,Reverse
2026-07-08 13:45:00+05:30,2026-07-08 13:50:00+05:30,2026-07-08 15:15:00+05:30,Short,24119.75,23884.349609375,235.400390625,15431.025390625,120.0,130.0,15181.025390625,EOD
2026-07-09 10:45:00+05:30,2026-07-09 10:50:00+05:30,2026-07-09 11:30:00+05:30,Short,24014.80078125,24080.80078125,-66.0,-4160.0,120.0,130.0,-4410.0,Reverse
2026-07-09 11:25:00+05:30,2026-07-09 11:30:00+05:30,2026-07-09 12:45:00+05:30,Long,24080.80078125,24022.599609375,-58.201171875,-3653.076171875,120.0,130.0,-3903.076171875,Reverse
2026-07-09 12:40:00+05:30,2026-07-09 12:45:00+05:30,2026-07-09 13:40:00+05:30,Short,24022.599609375,24074.599609375,-52.0,-3250.0,120.0,130.0,-3500.0,Reverse
2026-07-09 13:35:00+05:30,2026-07-09 13:40:00+05:30,2026-07-09 14:10:00+05:30,Long,24074.599609375,24038.19921875,-36.400390625,-2236.025390625,120.0,130.0,-2486.025390625,Reverse
2026-07-09 14:05:00+05:30,2026-07-09 14:10:00+05:30,2026-07-09 15:15:00+05:30,Short,24038.19921875,23941.30078125,96.8984375,6428.3984375,120.0,130.0,6178.3984375,EOD
2026-07-10 10:30:00+05:30,2026-07-10 10:35:00+05:30,2026-07-10 12:30:00+05:30,Short,24194.0,24191.30078125,2.69921875,305.44921875,120.0,130.0,55.44921875,Reverse
2026-07-10 12:25:00+05:30,2026-07-10 12:30:00+05:30,2026-07-10 13:25:00+05:30,Long,24191.30078125,24164.69921875,-26.6015625,-1599.1015625,120.0,130.0,-1849.1015625,Reverse
2026-07-10 13:20:00+05:30,2026-07-10 13:25:00+05:30,2026-07-10 13:40:00+05:30,Short,24164.69921875,24198.0,-33.30078125,-2034.55078125,120.0,130.0,-2284.55078125,Signal
2026-07-13 13:25:00+05:30,2026-07-13 13:30:00+05:30,2026-07-13 14:20:00+05:30,Short,24170.400390625,24224.25,-53.849609375,-3370.224609375,120.0,130.0,-3620.224609375,Reverse
2026-07-13 14:15:00+05:30,2026-07-13 14:20:00+05:30,2026-07-13 15:10:00+05:30,Long,24224.25,24213.849609375,-10.400390625,-546.025390625,120.0,130.0,-796.025390625,Signal
2026-07-14 10:30:00+05:30,2026-07-14 10:35:00+05:30,2026-07-14 11:45:00+05:30,Long,24103.44921875,24105.150390625,1.701171875,240.576171875,120.0,130.0,-9.423828125,Reverse
2026-07-14 11:40:00+05:30,2026-07-14 11:45:00+05:30,2026-07-14 13:30:00+05:30,Short,24105.150390625,24094.30078125,10.849609375,835.224609375,120.0,130.0,585.224609375,Reverse
2026-07-14 13:25:00+05:30,2026-07-14 13:30:00+05:30,2026-07-14 14:50:00+05:30,Long,24094.30078125,24031.55078125,-62.75,-3948.75,120.0,130.0,-4198.75,Reverse
2026-07-14 14:45:00+05:30,2026-07-14 14:50:00+05:30,2026-07-14 15:10:00+05:30,Short,24031.55078125,24068.5,-36.94921875,-2271.69921875,120.0,130.0,-2521.69921875,Signal
2026-07-15 10:55:00+05:30,2026-07-15 11:00:00+05:30,2026-07-15 13:20:00+05:30,Short,24183.599609375,24085.400390625,98.19921875,6512.94921875,120.0,130.0,6262.94921875,Signal
2026-07-16 12:00:00+05:30,2026-07-16 12:05:00+05:30,2026-07-16 12:30:00+05:30,Short,24140.0,24161.650390625,-21.650390625,-1277.275390625,120.0,130.0,-1527.275390625,Signal
2026-07-16 13:15:00+05:30,2026-07-16 13:20:00+05:30,2026-07-16 14:00:00+05:30,Short,24116.5,24097.400390625,19.099609375,1371.474609375,120.0,130.0,1121.474609375,Signal
2026-07-17 11:40:00+05:30,2026-07-17 11:45:00+05:30,2026-07-17 13:45:00+05:30,Long,24268.19921875,24253.25,-14.94921875,-841.69921875,120.0,130.0,-1091.69921875,Reverse
2026-07-17 13:40:00+05:30,2026-07-17 13:45:00+05:30,2026-07-17 14:15:00+05:30,Short,24253.25,24281.55078125,-28.30078125,-1709.55078125,120.0,130.0,-1959.55078125,Reverse
2026-07-17 14:10:00+05:30,2026-07-17 14:15:00+05:30,2026-07-17 15:15:00+05:30,Long,24281.55078125,24327.75,46.19921875,3132.94921875,120.0,130.0,2882.94921875,EOD
2026-07-20 10:05:00+05:30,2026-07-20 10:10:00+05:30,2026-07-20 11:45:00+05:30,Long,24202.69921875,24195.44921875,-7.25,-341.25,120.0,130.0,-591.25,Reverse
2026-07-20 11:40:00+05:30,2026-07-20 11:45:00+05:30,2026-07-20 13:15:00+05:30,Short,24195.44921875,24225.75,-30.30078125,-1839.55078125,120.0,130.0,-2089.55078125,Reverse
2026-07-20 13:10:00+05:30,2026-07-20 13:15:00+05:30,2026-07-20 14:40:00+05:30,Long,24225.75,24229.44921875,3.69921875,370.44921875,120.0,130.0,120.44921875,Reverse
2026-07-20 14:35:00+05:30,2026-07-20 14:40:00+05:30,2026-07-20 15:15:00+05:30,Short,24229.44921875,24241.150390625,-11.701171875,-630.576171875,120.0,130.0,-880.576171875,EOD
2026-07-21 12:55:00+05:30,2026-07-21 13:00:00+05:30,2026-07-21 13:30:00+05:30,Short,24150.05078125,24172.849609375,-22.798828125,-1351.923828125,120.0,130.0,-1601.923828125,Reverse
2026-07-21 13:25:00+05:30,2026-07-21 13:30:00+05:30,2026-07-21 14:00:00+05:30,Long,24172.849609375,24162.25,-10.599609375,-558.974609375,120.0,130.0,-808.974609375,Signal
2026-07-21 14:45:00+05:30,2026-07-21 14:50:00+05:30,2026-07-21 15:15:00+05:30,Long,24185.75,24183.099609375,-2.650390625,-42.275390625,120.0,130.0,-292.275390625,EOD
2026-07-22 10:05:00+05:30,2026-07-22 10:10:00+05:30,2026-07-22 10:45:00+05:30,Long,24053.099609375,23990.599609375,-62.5,-3932.5,120.0,130.0,-4182.5,Reverse
2026-07-22 10:40:00+05:30,2026-07-22 10:45:00+05:30,2026-07-22 10:50:00+05:30,Short,23990.599609375,24014.0,-23.400390625,-1391.025390625,120.0,130.0,-1641.025390625,Signal
2026-07-22 11:55:00+05:30,2026-07-22 12:00:00+05:30,2026-07-22 12:50:00+05:30,Short,24022.400390625,24005.5,16.900390625,1228.525390625,120.0,130.0,978.525390625,Reverse
2026-07-22 12:45:00+05:30,2026-07-22 12:50:00+05:30,2026-07-22 13:15:00+05:30,Long,24005.5,23979.44921875,-26.05078125,-1563.30078125,120.0,130.0,-1813.30078125,Signal
2026-07-23 11:15:00+05:30,2026-07-23 11:20:00+05:30,2026-07-23 13:50:00+05:30,Short,23961.099609375,23864.5,96.599609375,6408.974609375,120.0,130.0,6158.974609375,Reverse
2026-07-23 13:45:00+05:30,2026-07-23 13:50:00+05:30,2026-07-23 14:45:00+05:30,Long,23864.5,23834.75,-29.75,-1803.75,120.0,130.0,-2053.75,Reverse
2026-07-23 14:40:00+05:30,2026-07-23 14:45:00+05:30,2026-07-23 15:10:00+05:30,Short,23834.75,23869.94921875,-35.19921875,-2157.94921875,120.0,130.0,-2407.94921875,Signal
2026-07-24 10:45:00+05:30,2026-07-24 10:50:00+05:30,2026-07-24 11:15:00+05:30,Long,23650.25,23623.25,-27.0,-1625.0,120.0,130.0,-1875.0,Reverse
2026-07-24 11:10:00+05:30,2026-07-24 11:15:00+05:30,2026-07-24 11:25:00+05:30,Short,23623.25,23671.349609375,-48.099609375,-2996.474609375,120.0,130.0,-3246.474609375,Reverse
2026-07-24 11:20:00+05:30,2026-07-24 11:25:00+05:30,2026-07-24 13:10:00+05:30,Long,23671.349609375,23766.849609375,95.5,6337.5,120.0,130.0,6087.5,Reverse
2026-07-24 13:05:00+05:30,2026-07-24 13:10:00+05:30,2026-07-24 14:00:00+05:30,Short,23766.849609375,23804.05078125,-37.201171875,-2288.076171875,120.0,130.0,-2538.076171875,Reverse
2026-07-24 13:55:00+05:30,2026-07-24 14:00:00+05:30,2026-07-24 14:35:00+05:30,Long,23804.05078125,23765.650390625,-38.400390625,-2366.025390625,120.0,130.0,-2616.025390625,Reverse
2026-07-24 14:30:00+05:30,2026-07-24 14:35:00+05:30,2026-07-24 15:15:00+05:30,Short,23765.650390625,23772.44921875,-6.798828125,-311.923828125,120.0,130.0,-561.923828125,EOD
2026-07-27 10:00:00+05:30,2026-07-27 10:05:00+05:30,2026-07-27 11:00:00+05:30,Short,23919.400390625,23936.599609375,-17.19921875,-987.94921875,120.0,130.0,-1237.94921875,Reverse
2026-07-27 10:55:00+05:30,2026-07-27 11:00:00+05:30,2026-07-27 13:30:00+05:30,Long,23936.599609375,23955.25,18.650390625,1342.275390625,120.0,130.0,1092.275390625,Signal
2026-07-27 14:00:00+05:30,2026-07-27 14:05:00+05:30,2026-07-27 15:15:00+05:30,Long,23987.75,23984.099609375,-3.650390625,-107.275390625,120.0,130.0,-357.275390625,EOD
2026-07-28 10:00:00+05:30,2026-07-28 10:05:00+05:30,2026-07-28 10:40:00+05:30,Short,23971.900390625,24008.5,-36.599609375,-2248.974609375,120.0,130.0,-2498.974609375,Reverse
2026-07-28 10:35:00+05:30,2026-07-28 10:40:00+05:30,2026-07-28 11:15:00+05:30,Long,24008.5,24014.19921875,5.69921875,500.44921875,120.0,130.0,250.44921875,Signal
2026-07-28 13:50:00+05:30,2026-07-28 13:55:00+05:30,2026-07-28 14:35:00+05:30,Long,24007.19921875,23972.400390625,-34.798828125,-2131.923828125,120.0,130.0,-2381.923828125,Reverse
2026-07-28 14:30:00+05:30,2026-07-28 14:35:00+05:30,2026-07-28 15:15:00+05:30,Short,23972.400390625,23970.400390625,2.0,260.0,120.0,130.0,10.0,EOD
2026-07-29 12:45:00+05:30,2026-07-29 12:50:00+05:30,2026-07-29 13:10:00+05:30,Short,24210.05078125,24254.05078125,-44.0,-2730.0,120.0,130.0,-2980.0,Reverse
2026-07-29 13:05:00+05:30,2026-07-29 13:10:00+05:30,2026-07-29 13:45:00+05:30,Long,24254.05078125,24235.19921875,-18.8515625,-1095.3515625,120.0,130.0,-1345.3515625,Reverse
2026-07-29 13:40:00+05:30,2026-07-29 13:45:00+05:30,2026-07-29 14:20:00+05:30,Short,24235.19921875,24275.19921875,-40.0,-2470.0,120.0,130.0,-2720.0,Reverse
2026-07-29 14:15:00+05:30,2026-07-29 14:20:00+05:30,2026-07-29 15:15:00+05:30,Long,24275.19921875,24250.44921875,-24.75,-1478.75,120.0,130.0,-1728.75,EOD
2026-07-30 10:10:00+05:30,2026-07-30 10:15:00+05:30,2026-07-30 11:15:00+05:30,Short,24242.75,24265.900390625,-23.150390625,-1374.775390625,120.0,130.0,-1624.775390625,Reverse
2026-07-30 11:10:00+05:30,2026-07-30 11:15:00+05:30,2026-07-30 11:55:00+05:30,Long,24265.900390625,24254.80078125,-11.099609375,-591.474609375,120.0,130.0,-841.474609375,Reverse
2026-07-30 11:50:00+05:30,2026-07-30 11:55:00+05:30,2026-07-30 12:35:00+05:30,Short,24254.80078125,24307.599609375,-52.798828125,-3301.923828125,120.0,130.0,-3551.923828125,Reverse
2026-07-30 12:30:00+05:30,2026-07-30 12:35:00+05:30,2026-07-30 13:15:00+05:30,Long,24307.599609375,24263.05078125,-44.548828125,-2765.673828125,120.0,130.0,-3015.673828125,Reverse
2026-07-30 13:10:00+05:30,2026-07-30 13:15:00+05:30,2026-07-30 13:40:00+05:30,Short,24263.05078125,24288.150390625,-25.099609375,-1501.474609375,120.0,130.0,-1751.474609375,Signal
2026-07-31 11:05:00+05:30,2026-07-31 11:10:00+05:30,2026-07-31 12:15:00+05:30,Short,24336.099609375,24382.55078125,-46.451171875,-2889.326171875,120.0,130.0,-3139.326171875,Reverse
2026-07-31 12:10:00+05:30,2026-07-31 12:15:00+05:30,2026-07-31 13:35:00+05:30,Long,24382.55078125,24398.19921875,15.6484375,1147.1484375,120.0,130.0,897.1484375,Reverse
2026-07-31 13:30:00+05:30,2026-07-31 13:35:00+05:30,2026-07-31 15:10:00+05:30,Short,24398.19921875,24400.0,-1.80078125,12.94921875,120.0,130.0,-237.05078125,Signal
2026-08-03 12:35:00+05:30,2026-08-03 12:40:00+05:30,2026-08-03 13:35:00+05:30,Short,24587.400390625,24598.349609375,-10.94921875,-581.69921875,120.0,130.0,-831.69921875,Reverse
2026-08-03 13:30:00+05:30,2026-08-03 13:35:00+05:30,2026-08-03 15:10:00+05:30,Long,24598.349609375,24567.80078125,-30.548828125,-1855.673828125,120.0,130.0,-2105.673828125,Signal
2026-08-04 10:20:00+05:30,2026-08-04 10:25:00+05:30,2026-08-04 14:20:00+05:30,Short,24595.400390625,24488.30078125,107.099609375,7091.474609375,120.0,130.0,6841.474609375,Reverse
2026-08-04 14:15:00+05:30,2026-08-04 14:20:00+05:30,2026-08-04 15:05:00+05:30,Long,24488.30078125,24449.349609375,-38.951171875,-2401.826171875,120.0,130.0,-2651.826171875,Signal
2026-08-05 10:50:00+05:30,2026-08-05 10:55:00+05:30,2026-08-05 11:25:00+05:30,Long,24617.19921875,24618.55078125,1.3515625,217.8515625,120.0,130.0,-32.1484375,Signal
2026-08-05 13:15:00+05:30,2026-08-05 13:20:00+05:30,2026-08-05 13:45:00+05:30,Long,24548.30078125,24501.94921875,-46.3515625,-2882.8515625,120.0,130.0,-3132.8515625,Reverse
2026-08-05 13:40:00+05:30,2026-08-05 13:45:00+05:30,2026-08-05 15:00:00+05:30,Short,24501.94921875,24524.80078125,-22.8515625,-1355.3515625,120.0,130.0,-1605.3515625,Signal
2026-08-06 11:10:00+05:30,2026-08-06 11:15:00+05:30,2026-08-06 11:40:00+05:30,Long,24654.80078125,24650.650390625,-4.150390625,-139.775390625,120.0,130.0,-389.775390625,Signal
2026-08-06 12:20:00+05:30,2026-08-06 12:25:00+05:30,2026-08-06 14:25:00+05:30,Short,24635.099609375,24658.5,-23.400390625,-1391.025390625,120.0,130.0,-1641.025390625,Reverse
2026-08-06 14:20:00+05:30,2026-08-06 14:25:00+05:30,2026-08-06 14:45:00+05:30,Long,24658.5,24638.55078125,-19.94921875,-1166.69921875,120.0,130.0,-1416.69921875,Reverse
2026-08-06 14:40:00+05:30,2026-08-06 14:45:00+05:30,2026-08-06 15:15:00+05:30,Short,24638.55078125,24628.94921875,9.6015625,754.1015625,120.0,130.0,504.1015625,EOD
2026-08-07 09:55:00+05:30,2026-08-07 10:00:00+05:30,2026-08-07 10:15:00+05:30,Long,24626.80078125,24598.150390625,-28.650390625,-1732.275390625,120.0,130.0,-1982.275390625,Signal
2026-08-07 11:25:00+05:30,2026-08-07 11:30:00+05:30,2026-08-07 11:50:00+05:30,Long,24585.75,24563.0,-22.75,-1348.75,120.0,130.0,-1598.75,Signal
2026-08-07 13:10:00+05:30,2026-08-07 13:15:00+05:30,2026-08-07 13:50:00+05:30,Short,24546.0,24574.44921875,-28.44921875,-1719.19921875,120.0,130.0,-1969.19921875,Reverse
2026-08-07 13:45:00+05:30,2026-08-07 13:50:00+05:30,2026-08-07 14:15:00+05:30,Long,24574.44921875,24525.849609375,-48.599609375,-3028.974609375,120.0,130.0,-3278.974609375,Reverse
2026-08-07 14:10:00+05:30,2026-08-07 14:15:00+05:30,2026-08-07 14:50:00+05:30,Short,24525.849609375,24560.349609375,-34.5,-2112.5,120.0,130.0,-2362.5,Reverse
2026-08-07 14:45:00+05:30,2026-08-07 14:50:00+05:30,2026-08-07 15:15:00+05:30,Long,24560.349609375,24553.55078125,-6.798828125,-311.923828125,120.0,130.0,-561.923828125,EOD
2026-08-10 09:30:00+05:30,2026-08-10 09:35:00+05:30,2026-08-10 10:20:00+05:30,Short,24533.25,24575.94921875,-42.69921875,-2645.44921875,120.0,130.0,-2895.44921875,Reverse
2026-08-10 10:15:00+05:30,2026-08-10 10:20:00+05:30,2026-08-10 11:45:00+05:30,Long,24575.94921875,24582.5,6.55078125,555.80078125,120.0,130.0,305.80078125,Reverse
2026-08-10 11:40:00+05:30,2026-08-10 11:45:00+05:30,2026-08-10 12:40:00+05:30,Short,24582.5,24613.150390625,-30.650390625,-1862.275390625,120.0,130.0,-2112.275390625,Reverse
2026-08-10 12:35:00+05:30,2026-08-10 12:40:00+05:30,2026-08-10 13:10:00+05:30,Long,24613.150390625,24577.80078125,-35.349609375,-2167.724609375,120.0,130.0,-2417.724609375,Reverse
2026-08-10 13:05:00+05:30,2026-08-10 13:10:00+05:30,2026-08-10 13:35:00+05:30,Short,24577.80078125,24600.0,-22.19921875,-1312.94921875,120.0,130.0,-1562.94921875,Reverse
2026-08-10 13:30:00+05:30,2026-08-10 13:35:00+05:30,2026-08-10 14:15:00+05:30,Long,24600.0,24586.94921875,-13.05078125,-718.30078125,120.0,130.0,-968.30078125,Reverse
2026-08-10 14:10:00+05:30,2026-08-10 14:15:00+05:30,2026-08-10 15:15:00+05:30,Short,24586.94921875,24561.150390625,25.798828125,1806.923828125,120.0,130.0,1556.923828125,EOD
2026-08-11 12:45:00+05:30,2026-08-11 12:50:00+05:30,2026-08-11 15:15:00+05:30,Long,24459.55078125,24449.25,-10.30078125,-539.55078125,120.0,130.0,-789.55078125,EOD
2026-08-12 10:30:00+05:30,2026-08-12 10:35:00+05:30,2026-08-12 10:50:00+05:30,Long,24396.599609375,24356.25,-40.349609375,-2492.724609375,120.0,130.0,-2742.724609375,Signal
2026-08-12 12:30:00+05:30,2026-08-12 12:35:00+05:30,2026-08-12 12:55:00+05:30,Long,24289.69921875,24274.150390625,-15.548828125,-880.673828125,120.0,130.0,-1130.673828125,Signal
2026-08-12 13:15:00+05:30,2026-08-12 13:20:00+05:30,2026-08-12 14:05:00+05:30,Long,24296.94921875,24277.69921875,-19.25,-1121.25,120.0,130.0,-1371.25,Reverse
2026-08-12 14:00:00+05:30,2026-08-12 14:05:00+05:30,2026-08-12 14:35:00+05:30,Short,24277.69921875,24322.599609375,-44.900390625,-2788.525390625,120.0,130.0,-3038.525390625,Reverse
2026-08-12 14:30:00+05:30,2026-08-12 14:35:00+05:30,2026-08-12 15:15:00+05:30,Long,24322.599609375,24360.69921875,38.099609375,2606.474609375,120.0,130.0,2356.474609375,EOD
2026-08-13 10:25:00+05:30,2026-08-13 10:30:00+05:30,2026-08-13 11:35:00+05:30,Short,24319.400390625,24347.75,-28.349609375,-1712.724609375,120.0,130.0,-1962.724609375,Reverse
2026-08-13 11:30:00+05:30,2026-08-13 11:35:00+05:30,2026-08-13 12:50:00+05:30,Long,24347.75,24372.849609375,25.099609375,1761.474609375,120.0,130.0,1511.474609375,Reverse
2026-08-13 12:45:00+05:30,2026-08-13 12:50:00+05:30,2026-08-13 13:45:00+05:30,Short,24372.849609375,24386.05078125,-13.201171875,-728.076171875,120.0,130.0,-978.076171875,Reverse
2026-08-13 13:40:00+05:30,2026-08-13 13:45:00+05:30,2026-08-13 14:10:00+05:30,Long,24386.05078125,24359.650390625,-26.400390625,-1586.025390625,120.0,130.0,-1836.025390625,Signal
2026-08-14 09:25:00+05:30,2026-08-14 09:30:00+05:30,2026-08-14 10:05:00+05:30,Short,24308.44921875,24351.849609375,-43.400390625,-2691.025390625,120.0,130.0,-2941.025390625,Reverse
2026-08-14 10:00:00+05:30,2026-08-14 10:05:00+05:30,2026-08-14 10:35:00+05:30,Long,24351.849609375,24308.0,-43.849609375,-2720.224609375,120.0,130.0,-2970.224609375,Reverse
2026-08-14 10:30:00+05:30,2026-08-14 10:35:00+05:30,2026-08-14 11:55:00+05:30,Short,24308.0,24331.55078125,-23.55078125,-1400.80078125,120.0,130.0,-1650.80078125,Reverse
2026-08-14 11:50:00+05:30,2026-08-14 11:55:00+05:30,2026-08-14 13:35:00+05:30,Long,24331.55078125,24328.75,-2.80078125,-52.05078125,120.0,130.0,-302.05078125,Reverse
2026-08-14 13:30:00+05:30,2026-08-14 13:35:00+05:30,2026-08-14 13:45:00+05:30,Short,24328.75,24358.400390625,-29.650390625,-1797.275390625,120.0,130.0,-2047.275390625,Reverse
2026-08-14 13:40:00+05:30,2026-08-14 13:45:00+05:30,2026-08-14 14:40:00+05:30,Long,24358.400390625,24368.349609375,9.94921875,776.69921875,120.0,130.0,526.69921875,Reverse
2026-08-14 14:35:00+05:30,2026-08-14 14:40:00+05:30,2026-08-14 14:55:00+05:30,Short,24368.349609375,24381.900390625,-13.55078125,-750.80078125,120.0,130.0,-1000.80078125,Signal
2026-08-17 11:45:00+05:30,2026-08-17 11:50:00+05:30,2026-08-17 14:25:00+05:30,Long,24255.349609375,24323.5,68.150390625,4559.775390625,120.0,130.0,4309.775390625,Reverse
2026-08-17 14:20:00+05:30,2026-08-17 14:25:00+05:30,2026-08-17 14:50:00+05:30,Short,24323.5,24337.900390625,-14.400390625,-806.025390625,120.0,130.0,-1056.025390625,Reverse
2026-08-17 14:45:00+05:30,2026-08-17 14:50:00+05:30,2026-08-17 15:15:00+05:30,Long,24337.900390625,24338.599609375,0.69921875,175.44921875,120.0,130.0,-74.55078125,EOD
2026-08-18 12:00:00+05:30,2026-08-18 12:05:00+05:30,2026-08-18 12:45:00+05:30,Long,24215.94921875,24197.0,-18.94921875,-1101.69921875,120.0,130.0,-1351.69921875,Reverse
2026-08-18 12:40:00+05:30,2026-08-18 12:45:00+05:30,2026-08-18 15:00:00+05:30,Short,24197.0,24217.599609375,-20.599609375,-1208.974609375,120.0,130.0,-1458.974609375,Signal
2026-08-19 11:50:00+05:30,2026-08-19 11:55:00+05:30,2026-08-19 12:05:00+05:30,Long,24082.849609375,24060.0,-22.849609375,-1355.224609375,120.0,130.0,-1605.224609375,Signal
2026-08-20 11:15:00+05:30,2026-08-20 11:20:00+05:30,2026-08-20 12:00:00+05:30,Short,24197.94921875,24217.55078125,-19.6015625,-1144.1015625,120.0,130.0,-1394.1015625,Reverse
2026-08-20 11:55:00+05:30,2026-08-20 12:00:00+05:30,2026-08-20 14:00:00+05:30,Long,24217.55078125,24230.69921875,13.1484375,984.6484375,120.0,130.0,734.6484375,Reverse
2026-08-20 13:55:00+05:30,2026-08-20 14:00:00+05:30,2026-08-20 15:15:00+05:30,Short,24230.69921875,24212.599609375,18.099609375,1306.474609375,120.0,130.0,1056.474609375,EOD
2026-08-21 11:40:00+05:30,2026-08-21 11:45:00+05:30,2026-08-21 13:10:00+05:30,Short,24250.30078125,24251.349609375,-1.048828125,61.826171875,120.0,130.0,-188.173828125,Reverse
2026-08-21 13:05:00+05:30,2026-08-21 13:10:00+05:30,2026-08-21 14:10:00+05:30,Long,24251.349609375,24224.150390625,-27.19921875,-1637.94921875,120.0,130.0,-1887.94921875,Reverse
2026-08-21 14:05:00+05:30,2026-08-21 14:10:00+05:30,2026-08-21 15:15:00+05:30,Short,24224.150390625,24235.75,-11.599609375,-623.974609375,120.0,130.0,-873.974609375,EOD
2026-08-24 14:30:00+05:30,2026-08-24 14:35:00+05:30,2026-08-24 15:15:00+05:30,Long,24176.0,24181.80078125,5.80078125,507.05078125,120.0,130.0,257.05078125,EOD
2026-08-25 09:50:00+05:30,2026-08-25 09:55:00+05:30,2026-08-25 10:50:00+05:30,Short,24140.0,24158.599609375,-18.599609375,-1078.974609375,120.0,130.0,-1328.974609375,Reverse
2026-08-25 10:45:00+05:30,2026-08-25 10:50:00+05:30,2026-08-25 12:55:00+05:30,Long,24158.599609375,24155.05078125,-3.548828125,-100.673828125,120.0,130.0,-350.673828125,Reverse
2026-08-25 12:50:00+05:30,2026-08-25 12:55:00+05:30,2026-08-25 13:55:00+05:30,Short,24155.05078125,24180.099609375,-25.048828125,-1498.173828125,120.0,130.0,-1748.173828125,Reverse
2026-08-25 13:50:00+05:30,2026-08-25 13:55:00+05:30,2026-08-25 15:15:00+05:30,Long,24180.099609375,24259.05078125,78.951171875,5261.826171875,120.0,130.0,5011.826171875,EOD
2026-08-26 10:05:00+05:30,2026-08-26 10:10:00+05:30,2026-08-26 11:15:00+05:30,Short,24344.80078125,24331.599609375,13.201171875,988.076171875,120.0,130.0,738.076171875,Reverse
2026-08-26 11:10:00+05:30,2026-08-26 11:15:00+05:30,2026-08-26 11:25:00+05:30,Long,24331.599609375,24302.849609375,-28.75,-1738.75,120.0,130.0,-1988.75,Reverse
2026-08-26 11:20:00+05:30,2026-08-26 11:25:00+05:30,2026-08-26 14:20:00+05:30,Short,24302.849609375,24276.75,26.099609375,1826.474609375,120.0,130.0,1576.474609375,Reverse
2026-08-26 14:15:00+05:30,2026-08-26 14:20:00+05:30,2026-08-26 15:15:00+05:30,Long,24276.75,24275.900390625,-0.849609375,74.775390625,120.0,130.0,-175.224609375,EOD
2026-08-27 12:30:00+05:30,2026-08-27 12:35:00+05:30,2026-08-27 13:45:00+05:30,Long,24160.0,24162.30078125,2.30078125,279.55078125,120.0,130.0,29.55078125,Reverse
2026-08-27 13:40:00+05:30,2026-08-27 13:45:00+05:30,2026-08-27 14:25:00+05:30,Short,24162.30078125,24150.0,12.30078125,929.55078125,120.0,130.0,679.55078125,Signal
2026-08-28 12:30:00+05:30,2026-08-28 12:35:00+05:30,2026-08-28 13:00:00+05:30,Long,24103.19921875,24097.69921875,-5.5,-227.5,120.0,130.0,-477.5,Signal
2026-08-28 13:30:00+05:30,2026-08-28 13:35:00+05:30,2026-08-28 15:15:00+05:30,Long,24112.150390625,24141.44921875,29.298828125,2034.423828125,120.0,130.0,1784.423828125,EOD
2026-08-31 11:40:00+05:30,2026-08-31 11:45:00+05:30,2026-08-31 14:00:00+05:30,Long,24028.0,24048.05078125,20.05078125,1433.30078125,120.0,130.0,1183.30078125,Reverse
2026-08-31 13:55:00+05:30,2026-08-31 14:00:00+05:30,2026-08-31 14:45:00+05:30,Short,24048.05078125,24057.150390625,-9.099609375,-461.474609375,120.0,130.0,-711.474609375,Reverse
2026-08-31 14:40:00+05:30,2026-08-31 14:45:00+05:30,2026-08-31 15:15:00+05:30,Long,24057.150390625,24049.25,-7.900390625,-383.525390625,120.0,130.0,-633.525390625,EOD
2026-09-01 09:40:00+05:30,2026-09-01 09:45:00+05:30,2026-09-01 10:20:00+05:30,Short,24029.150390625,24053.30078125,-24.150390625,-1439.775390625,120.0,130.0,-1689.775390625,Reverse
2026-09-01 10:15:00+05:30,2026-09-01 10:20:00+05:30,2026-09-01 12:20:00+05:30,Long,24053.30078125,24110.650390625,57.349609375,3857.724609375,120.0,130.0,3607.724609375,Reverse
2026-09-01 12:15:00+05:30,2026-09-01 12:20:00+05:30,2026-09-01 15:15:00+05:30,Short,24110.650390625,23981.55078125,129.099609375,8521.474609375,120.0,130.0,8271.474609375,EOD
2026-09-02 10:20:00+05:30,2026-09-02 10:25:00+05:30,2026-09-02 10:55:00+05:30,Long,23877.55078125,23854.900390625,-22.650390625,-1342.275390625,120.0,130.0,-1592.275390625,Reverse
2026-09-02 10:50:00+05:30,2026-09-02 10:55:00+05:30,2026-09-02 12:15:00+05:30,Short,23854.900390625,23839.849609375,15.05078125,1108.30078125,120.0,130.0,858.30078125,Reverse
2026-09-02 12:10:00+05:30,2026-09-02 12:15:00+05:30,2026-09-02 15:05:00+05:30,Long,23839.849609375,23859.400390625,19.55078125,1400.80078125,120.0,130.0,1150.80078125,Signal
2026-09-03 10:25:00+05:30,2026-09-03 10:30:00+05:30,2026-09-03 11:30:00+05:30,Short,23983.69921875,23965.150390625,18.548828125,1335.673828125,120.0,130.0,1085.673828125,Reverse
2026-09-03 11:25:00+05:30,2026-09-03 11:30:00+05:30,2026-09-03 12:05:00+05:30,Long,23965.150390625,23936.650390625,-28.5,-1722.5,120.0,130.0,-1972.5,Reverse
2026-09-03 12:00:00+05:30,2026-09-03 12:05:00+05:30,2026-09-03 12:55:00+05:30,Short,23936.650390625,23924.75,11.900390625,903.525390625,120.0,130.0,653.525390625,Reverse
2026-09-03 12:50:00+05:30,2026-09-03 12:55:00+05:30,2026-09-03 15:00:00+05:30,Long,23924.75,23896.349609375,-28.400390625,-1716.025390625,120.0,130.0,-1966.025390625,Signal
2026-09-04 09:50:00+05:30,2026-09-04 09:55:00+05:30,2026-09-04 12:05:00+05:30,Long,23947.0,23958.30078125,11.30078125,864.55078125,120.0,130.0,614.55078125,Reverse
2026-09-04 12:00:00+05:30,2026-09-04 12:05:00+05:30,2026-09-04 13:25:00+05:30,Short,23958.30078125,23957.19921875,1.1015625,201.6015625,120.0,130.0,-48.3984375,Reverse
2026-09-04 13:20:00+05:30,2026-09-04 13:25:00+05:30,2026-09-04 13:35:00+05:30,Long,23957.19921875,23934.0,-23.19921875,-1377.94921875,120.0,130.0,-1627.94921875,Signal
2026-09-04 14:25:00+05:30,2026-09-04 14:30:00+05:30,2026-09-04 15:05:00+05:30,Long,23959.94921875,23929.0,-30.94921875,-1881.69921875,120.0,130.0,-2131.69921875,Signal
2026-09-07 12:05:00+05:30,2026-09-07 12:10:00+05:30,2026-09-07 12:30:00+05:30,Long,23788.75,23760.900390625,-27.849609375,-1680.224609375,120.0,130.0,-1930.224609375,Reverse
2026-09-07 12:25:00+05:30,2026-09-07 12:30:00+05:30,2026-09-07 13:40:00+05:30,Short,23760.900390625,23762.30078125,-1.400390625,38.974609375,120.0,130.0,-211.025390625,Reverse
2026-09-07 13:35:00+05:30,2026-09-07 13:40:00+05:30,2026-09-07 14:40:00+05:30,Long,23762.30078125,23766.19921875,3.8984375,383.3984375,120.0,130.0,133.3984375,Reverse
2026-09-07 14:35:00+05:30,2026-09-07 14:40:00+05:30,2026-09-07 15:15:00+05:30,Short,23766.19921875,23761.30078125,4.8984375,448.3984375,120.0,130.0,198.3984375,EOD
2026-09-08 10:10:00+05:30,2026-09-08 10:15:00+05:30,2026-09-08 10:40:00+05:30,Long,23709.75,23672.0,-37.75,-2323.75,120.0,130.0,-2573.75,Signal
2026-09-08 12:00:00+05:30,2026-09-08 12:05:00+05:30,2026-09-08 12:40:00+05:30,Short,23648.650390625,23669.900390625,-21.25,-1251.25,120.0,130.0,-1501.25,Reverse
2026-09-08 12:35:00+05:30,2026-09-08 12:40:00+05:30,2026-09-08 13:35:00+05:30,Long,23669.900390625,23642.650390625,-27.25,-1641.25,120.0,130.0,-1891.25,Reverse
2026-09-08 13:30:00+05:30,2026-09-08 13:35:00+05:30,2026-09-08 14:10:00+05:30,Short,23642.650390625,23650.55078125,-7.900390625,-383.525390625,120.0,130.0,-633.525390625,Signal
2026-09-09 10:15:00+05:30,2026-09-09 10:20:00+05:30,2026-09-09 10:40:00+05:30,Long,23519.25,23511.05078125,-8.19921875,-402.94921875,120.0,130.0,-652.94921875,Signal
2026-09-09 10:55:00+05:30,2026-09-09 11:00:00+05:30,2026-09-09 11:35:00+05:30,Long,23537.650390625,23514.849609375,-22.80078125,-1352.05078125,120.0,130.0,-1602.05078125,Reverse
2026-09-09 11:30:00+05:30,2026-09-09 11:35:00+05:30,2026-09-09 11:45:00+05:30,Short,23514.849609375,23529.75,-14.900390625,-838.525390625,120.0,130.0,-1088.525390625,Signal
2026-09-09 11:55:00+05:30,2026-09-09 12:00:00+05:30,2026-09-09 12:30:00+05:30,Short,23487.5,23511.599609375,-24.099609375,-1436.474609375,120.0,130.0,-1686.474609375,Signal
2026-09-09 14:25:00+05:30,2026-09-09 14:30:00+05:30,2026-09-09 15:15:00+05:30,Short,23534.650390625,23463.400390625,71.25,4761.25,120.0,130.0,4511.25,EOD
2026-09-10 10:40:00+05:30,2026-09-10 10:45:00+05:30,2026-09-10 10:55:00+05:30,Long,23449.400390625,23409.80078125,-39.599609375,-2443.974609375,120.0,130.0,-2693.974609375,Signal
2026-09-10 12:00:00+05:30,2026-09-10 12:05:00+05:30,2026-09-10 13:00:00+05:30,Long,23448.0,23436.650390625,-11.349609375,-607.724609375,120.0,130.0,-857.724609375,Reverse
2026-09-10 12:55:00+05:30,2026-09-10 13:00:00+05:30,2026-09-10 15:15:00+05:30,Short,23436.650390625,23390.25,46.400390625,3146.025390625,120.0,130.0,2896.025390625,EOD
2026-09-15 09:45:00+05:30,2026-09-15 09:50:00+05:30,2026-09-15 15:15:00+05:30,Short,23416.599609375,23173.349609375,243.25,15941.25,120.0,130.0,15691.25,EOD
2026-09-16 11:25:00+05:30,2026-09-16 11:30:00+05:30,2026-09-16 12:35:00+05:30,Short,23219.19921875,23250.900390625,-31.701171875,-1930.576171875,120.0,130.0,-2180.576171875,Reverse
2026-09-16 12:30:00+05:30,2026-09-16 12:35:00+05:30,2026-09-16 13:30:00+05:30,Long,23250.900390625,23219.80078125,-31.099609375,-1891.474609375,120.0,130.0,-2141.474609375,Reverse
2026-09-16 13:25:00+05:30,2026-09-16 13:30:00+05:30,2026-09-16 14:55:00+05:30,Short,23219.80078125,23240.5,-20.69921875,-1215.44921875,120.0,130.0,-1465.44921875,Signal
2026-09-17 10:30:00+05:30,2026-09-17 10:35:00+05:30,2026-09-17 11:45:00+05:30,Short,23273.44921875,23277.75,-4.30078125,-149.55078125,120.0,130.0,-399.55078125,Reverse
2026-09-17 11:40:00+05:30,2026-09-17 11:45:00+05:30,2026-09-17 13:15:00+05:30,Long,23277.75,23321.5,43.75,2973.75,120.0,130.0,2723.75,Reverse
2026-09-17 13:10:00+05:30,2026-09-17 13:15:00+05:30,2026-09-17 14:25:00+05:30,Short,23321.5,23288.5,33.0,2275.0,120.0,130.0,2025.0,Reverse
2026-09-17 14:20:00+05:30,2026-09-17 14:25:00+05:30,2026-09-17 15:15:00+05:30,Long,23288.5,23293.5,5.0,455.0,120.0,130.0,205.0,EOD
2026-09-18 10:20:00+05:30,2026-09-18 10:25:00+05:30,2026-09-18 11:55:00+05:30,Short,23305.69921875,23322.30078125,-16.6015625,-949.1015625,120.0,130.0,-1199.1015625,Reverse
2026-09-18 11:50:00+05:30,2026-09-18 11:55:00+05:30,2026-09-18 13:45:00+05:30,Long,23322.30078125,23309.05078125,-13.25,-731.25,120.0,130.0,-981.25,Reverse
2026-09-18 13:40:00+05:30,2026-09-18 13:45:00+05:30,2026-09-18 14:10:00+05:30,Short,23309.05078125,23356.80078125,-47.75,-2973.75,120.0,130.0,-3223.75,Reverse
2026-09-18 14:05:00+05:30,2026-09-18 14:10:00+05:30,2026-09-18 14:45:00+05:30,Long,23356.80078125,23353.099609375,-3.701171875,-110.576171875,120.0,130.0,-360.576171875,Signal
2026-09-21 10:30:00+05:30,2026-09-21 10:35:00+05:30,2026-09-21 10:55:00+05:30,Short,23361.19921875,23387.75,-26.55078125,-1595.80078125,120.0,130.0,-1845.80078125,Reverse
2026-09-21 10:50:00+05:30,2026-09-21 10:55:00+05:30,2026-09-21 13:05:00+05:30,Long,23387.75,23404.75,17.0,1235.0,120.0,130.0,985.0,Reverse
2026-09-21 13:00:00+05:30,2026-09-21 13:05:00+05:30,2026-09-21 13:20:00+05:30,Short,23404.75,23424.650390625,-19.900390625,-1163.525390625,120.0,130.0,-1413.525390625,Reverse
2026-09-21 13:15:00+05:30,2026-09-21 13:20:00+05:30,2026-09-21 15:05:00+05:30,Long,23424.650390625,23439.849609375,15.19921875,1117.94921875,120.0,130.0,867.94921875,Signal
2026-09-22 10:25:00+05:30,2026-09-22 10:30:00+05:30,2026-09-22 11:25:00+05:30,Short,23436.349609375,23400.650390625,35.69921875,2450.44921875,120.0,130.0,2200.44921875,Reverse
2026-09-22 11:20:00+05:30,2026-09-22 11:25:00+05:30,2026-09-22 11:50:00+05:30,Long,23400.650390625,23362.80078125,-37.849609375,-2330.224609375,120.0,130.0,-2580.224609375,Reverse
2026-09-22 11:45:00+05:30,2026-09-22 11:50:00+05:30,2026-09-22 14:15:00+05:30,Short,23362.80078125,23383.599609375,-20.798828125,-1221.923828125,120.0,130.0,-1471.923828125,Reverse
2026-09-22 14:10:00+05:30,2026-09-22 14:15:00+05:30,2026-09-22 15:15:00+05:30,Long,23383.599609375,23348.55078125,-35.048828125,-2148.173828125,120.0,130.0,-2398.173828125,EOD
2026-09-23 09:50:00+05:30,2026-09-23 09:55:00+05:30,2026-09-23 10:20:00+05:30,Short,23351.599609375,23394.25,-42.650390625,-2642.275390625,120.0,130.0,-2892.275390625,Reverse
2026-09-23 10:15:00+05:30,2026-09-23 10:20:00+05:30,2026-09-23 12:55:00+05:30,Long,23394.25,23443.5,49.25,3331.25,120.0,130.0,3081.25,Reverse
2026-09-23 12:50:00+05:30,2026-09-23 12:55:00+05:30,2026-09-23 14:10:00+05:30,Short,23443.5,23443.80078125,-0.30078125,110.44921875,120.0,130.0,-139.55078125,Reverse
2026-09-23 14:05:00+05:30,2026-09-23 14:10:00+05:30,2026-09-23 14:45:00+05:30,Long,23443.80078125,23426.599609375,-17.201171875,-988.076171875,120.0,130.0,-1238.076171875,Reverse
2026-09-23 14:40:00+05:30,2026-09-23 14:45:00+05:30,2026-09-23 15:15:00+05:30,Short,23426.599609375,23432.650390625,-6.05078125,-263.30078125,120.0,130.0,-513.30078125,EOD
2026-09-24 10:50:00+05:30,2026-09-24 10:55:00+05:30,2026-09-24 11:10:00+05:30,Long,23238.55078125,23220.0,-18.55078125,-1075.80078125,120.0,130.0,-1325.80078125,Signal
2026-09-24 14:35:00+05:30,2026-09-24 14:40:00+05:30,2026-09-24 15:15:00+05:30,Long,23104.099609375,23084.599609375,-19.5,-1137.5,120.0,130.0,-1387.5,EOD
2026-09-25 12:00:00+05:30,2026-09-25 12:05:00+05:30,2026-09-25 14:00:00+05:30,Short,23065.650390625,23064.099609375,1.55078125,230.80078125,120.0,130.0,-19.19921875,Reverse
2026-09-25 13:55:00+05:30,2026-09-25 14:00:00+05:30,2026-09-25 14:50:00+05:30,Long,23064.099609375,23112.349609375,48.25,3266.25,120.0,130.0,3016.25,Reverse
2026-09-25 14:45:00+05:30,2026-09-25 14:50:00+05:30,2026-09-25 15:15:00+05:30,Short,23112.349609375,23129.099609375,-16.75,-958.75,120.0,130.0,-1208.75,EOD
